date	right_id	type_of_right	airline_name	icao_airline	iata_airline	country	from_city	to_city	min_freq	max_freq	valid_from	valid_till	annul_date	given_by	given_date	annul_reason	from_encity	to_encity	encountry
12.04.2017	1894	Регулярні міжнародні	МАУ	AUI	PS	Італійська Республіка	Київ	Бергамо	0	14	12.04.2017			Протокол засідання комісії ДАС № 23 від 28.03.2017	13.04.2017		Kiev	Bergamo	Italy
12.04.2017	1895	Регулярні міжнародні	МАУ	AUI	PS	Грузія	Запоріжжя	Батумі	0	2	12.04.2017			Протокол засідання комісії ДАС № 23 від 28.03.2017	13.04.2017		Zaporizhia	Batumi	Georgia
12.04.2017	1900	Регулярні міжнародні	РОЗА ВІТРІВ	WRC	7W	Республіка Хорватія	Дніпро	Спліт	0	1	12.04.2017			Протокол засідання комісії ДАС № 23 від 28.03.2017	13.04.2017		Dnipro	Split	Croatia
02.03.2017	1829	Регулярні міжнародні	ЯнЕір ЛТД	ANR	YE	Грецька Республіка	Київ	Афіни	0	7	01.04.2017			Протокол засідання комісії ДАС № 22 від 27.02.2017	03.03.2017		Kiev	Athens	Greece
02.03.2017	1858	Регулярні міжнародні	Браво	BAY		Туніська Республіка	Львів	Монастір	0	3	26.03.2017	29.10.2067		Протокол засідання комісії ДАС № 22 від 27.02.2017	03.03.2017		Lviv	Monastir	Tunisia
02.03.2017	1859	Регулярні міжнародні	Браво	BAY		Республіка Албанія	Київ	Тірана	0	2	26.03.2017	26.10.2067		Протокол засідання комісії ДАС № 22 від 27.02.2017	03.03.2017		Kiev	Tirana	Albania
02.03.2017	1857	Регулярні міжнародні	Браво	BAY		Туніська Республіка	Харків	Монастір	0	3	26.03.2017	29.10.2067		Протокол засідання комісії ДАС № 22 від 27.02.2017	03.03.2017		Kharkiv	Monastir	Tunisia
02.03.2017	1862	Регулярні міжнародні	Браво	BAY		Республіка Болгарія	Кривий Ріг	Бургас	0	2	26.03.2017	26.10.2067		Протокол засідання комісії ДАС № 22 від 27.02.2017	03.03.2017		Kryvyi Rih	Burgas	Bulgaria
02.03.2017	1855	Регулярні міжнародні	Браво	BAY		Туніська Республіка	Київ	Монастір	0	4	26.03.2017	29.10.2067		Протокол засідання комісії ДАС № 22 від 27.02.2017	03.03.2017		Kiev	Monastir	Tunisia
02.03.2017	1856	Регулярні міжнародні	Браво	BAY		Туніська Республіка	Запоріжжя	Монастір	0	3	26.03.2017	29.10.2067		Протокол засідання комісії ДАС № 22 від 27.02.2017	03.03.2017		Zaporizhia	Monastir	Tunisia
02.03.2017	1860	Регулярні міжнародні	Браво	BAY		Республіка Болгарія	Київ	Бургас	0	5	26.03.2017	26.10.2067		Протокол засідання комісії ДАС № 22 від 27.02.2017	03.03.2017		Kiev	Burgas	Bulgaria
02.03.2017	1861	Регулярні міжнародні	Браво	BAY		Республіка Болгарія	Харків	Бургас	0	2	26.03.2017	26.10.2067		Протокол засідання комісії ДАС № 22 від 27.02.2017	03.03.2017		Kharkiv	Burgas	Bulgaria
02.03.2017	1767	Регулярні міжнародні	Азур Ейр Україна	UTN	QU	Арабська Республіка Єгипет	Львів	Шарм Ель Шейх	0	1	02.03.2017			Протокол засідання комісії ДАС №22 від 27.02.2017	03.03.2017		Lviv	Sharm El-Sheikh	Egypt
02.03.2017	1769	Регулярні міжнародні	Азур Ейр Україна	UTN	QU	Туніська Республіка	Київ	Енфіда	0	5	02.03.2017			Протокол засідання комісії ДАС №22 від 27.02.2017	03.03.2017		Kiev	Enfidha	Tunisia
02.03.2017	1768	Регулярні міжнародні	Азур Ейр Україна	UTN	QU	Арабська Республіка Єгипет	Харків	Шарм Ель Шейх	0	1	02.03.2017			Протокол засідання комісії ДАС №22 від 27.02.2017	03.03.2017		Kharkiv	Sharm El-Sheikh	Egypt
07.02.2017	1703	Регулярні міжнародні	РОЗА ВІТРІВ	WRC	7W	Італійська Республіка	Львів	Брешія	0	2	07.02.2017			Протокол засідання комісії ДАС № 21 від 31.01.2017	08.02.2017		Lviv	Brescia	Italy
12.12.2016	1685	Регулярні міжнародні	ЯнЕір ЛТД	ANR	YE	Грузія	Львів	Тбілісі	0	2	12.12.2016			Протокол засідання комісії ДАС № 19 від 30.11.2016	12.12.2016		Lviv	Tbilisi	Georgia
12.12.2016	1670	Регулярні міжнародні	МАУ	AUI	PS	Фінляндська Республіка	Київ	Кіттіла	0	1	12.12.2016	01.12.2066		Протокол засідання комісії ДАС № 19 від 30.11.2016	12.12.2016		Kiev	Kittila	Finland
12.12.2016	1673	Регулярні міжнародні	МАУ	AUI	PS	Королівство Іспанія	Львів	Малага	0	1	12.12.2016	01.12.2066		Протокол засідання комісії ДАС № 19 від 30.11.2016	12.12.2016		Lviv	Malaga	Spain
12.12.2016	1675	Регулярні міжнародні	МАУ	AUI	PS	Грузія	Одеса	Кутаїсі	0	2	12.12.2016	01.12.2066		Протокол засідання комісії ДАС № 19 від 30.11.2016	12.12.2016		Odessa	Kutaisi	Georgia
12.12.2016	1679	Регулярні міжнародні	Дніпроавіа	UDN	Z6	Республіка Австрія	Львів	Відень	0	7	12.12.2016	30.11.2026		Протокол засідання комісії ДАС № 19 від 30.11.2016	12.12.2016		Lviv	Vienna	Austria
12.12.2016	1684	Регулярні міжнародні	ЯнЕір ЛТД	ANR	YE	Держава Ізраїль	Кривий Ріг	Тель-Авів	0	2	12.12.2016			Протокол засідання комісії ДАС № 19 від 30.11.2016	12.12.2016		Kryvyi Rih	Tel-aviv	Israel
12.12.2016	1693	Регулярні міжнародні	Браво	BAY		Фінляндська Республіка	Харків	Кіттіла	0	2	12.12.2016	30.11.2056		Протокол засідання комісії ДАС № 19 від 30.11.2016	12.12.2016		Kharkiv	Kittila	Finland
12.12.2016	1677	Регулярні міжнародні	Дніпроавіа	UDN	Z6	Словацька республіка	Київ	Братислава	0	7	12.12.2016	30.11.2026		Протокол засідання комісії ДАС № 19 від 30.11.2016	12.12.2016		Kiev	Bratislava	Slovakia
12.12.2016	1683	Регулярні міжнародні	ЯнЕір ЛТД	ANR	YE	Держава Ізраїль	Чернівці	Тель-Авів	0	2	12.12.2016			Протокол засідання комісії ДАС № 19 від 30.11.2016	12.12.2016		Chernivtsi	Tel-aviv	Israel
12.12.2016	1674	Регулярні міжнародні	МАУ	AUI	PS	Португальська Республіка	Львів	Лісабон	0	2	12.12.2016	01.12.2066		Протокол засідання комісії ДАС № 19 від 30.11.2016	12.12.2016		Lviv	Lisbon	Portugal
12.12.2016	1686	Регулярні міжнародні	ЯнЕір ЛТД	ANR	YE	Грузія	Львів	Батумі	0	2	12.12.2016			Протокол засідання комісії ДАС № 19 від 30.11.2016	12.12.2016		Lviv	Batumi	Georgia
12.12.2016	1692	Регулярні міжнародні	Браво	BAY		Республіка Болгарія	Київ	Софія	0	3	12.12.2016	29.11.2066		Протокол засідання комісії ДАС № 19 від 30.11.2016	12.12.2016		Kiev	Sofia	Bulgaria
12.12.2016	1678	Регулярні міжнародні	Дніпроавіа	UDN	Z6	Республіка Словенія	Київ	Любляна	0	7	12.12.2016	30.11.2026		Протокол засідання комісії ДАС № 19 від 30.11.2016	12.12.2016		Kiev	Ljubljana	Slovenia
12.12.2016	1672	Регулярні міжнародні	МАУ	AUI	PS	Італійська Республіка	Львів	Неаполь	0	2	12.12.2016	01.12.2066		Протокол засідання комісії ДАС № 19 від 30.11.2016	12.12.2016		Lviv	Naples	Italy
12.12.2016	1676	Регулярні міжнародні	Дніпроавіа	UDN	Z6	Республика Вірменія	Одеса	Єреван	0	3	12.12.2016	30.11.2026		Протокол засідання комісії ДАС № 19 від 30.11.2016	12.12.2016		Odessa	Yerevan	Armenia
12.12.2016	1694	Регулярні міжнародні	Браво	BAY		Фінляндська Республіка	Одеса	Кіттіла	0	2	12.12.2016	30.11.2056		Протокол засідання комісії ДАС № 19 від 30.11.2016	12.12.2016		Odessa	Kittila	Finland
12.12.2016	1671	Регулярні міжнародні	МАУ	AUI	PS	Італійська Республіка	Харків	Бергамо	0	2	12.12.2016	01.12.2066		Протокол засідання комісії ДАС № 19 від 30.11.2016	12.12.2016		Kharkiv	Bergamo	Italy
07.02.2017	1682	Регулярні міжнародні	ЯнЕір ЛТД	ANR	YE	Держава Ізраїль	Львів	Тель-Авів	0	3	12.12.2016			Протокол засідання комісії ДАС № 21 від 31.01.2017	08.02.2017		Lviv	Tel-aviv	Israel
04.11.2016	1666	Регулярні міжнародні	АТЛАСДЖЕТ УКРАЇНА	UJX	UH	Об'єднані Арабські Емірати	Одеса	Дубай	0	7	04.11.2016			Протокол засідання комісії ДАС № 18 від 28.10.2016	04.11.2016		Odessa	Dubai	United Arab Emirates
04.11.2016	1664	Регулярні міжнародні	АТЛАСДЖЕТ УКРАЇНА	UJX	UH	Федеративна Республіка Німеччина	Одеса	Дюссельдорф	0	7	04.11.2016			Протокол засідання комісії ДАС № 18 від 28.10.2016	04.11.2016		Odessa	Dusseldorf	Germany
04.11.2016	1663	Регулярні міжнародні	АТЛАСДЖЕТ УКРАЇНА	UJX	UH	Італійська Республіка	Київ	Мілан	0	7	04.11.2016			Протокол засідання комісії ДАС № 18 від 28.10.2016	04.11.2016		Kiev	Milano	Italy
04.11.2016	1667	Регулярні міжнародні	МАУ	AUI	PS	Республіка Туреччина	Херсон	Стамбул	0	7	04.11.2016	01.11.2066		Протокол засідання комісії ДАС № 18 від 28.10.2016	04.11.2016		Kherson	Istanbul	Turkey
04.11.2016	1668	Регулярні міжнародні	МАУ	AUI	PS	Республіка Туреччина	Чернівці	Стамбул	0	3	04.11.2016	01.11.2066		Протокол засідання комісії ДАС № 18 від 28.10.2016	04.11.2016		Chernivtsi	Istanbul	Turkey
04.11.2016	1639	Регулярні міжнародні	Азур Ейр Україна	UTN	QU	Республіка Болгарія	Київ	Софія	0	5	04.11.2016			Протокол засідання комісії ДАС № 18 від 28.10.2016	04.11.2016		Kiev	Sofia	Bulgaria
04.11.2016	1669	Регулярні міжнародні	МАУ	AUI	PS	Республіка Туреччина	Запоріжжя	Стамбул	0	4	04.11.2016	01.11.2066		Протокол засідання комісії ДАС № 18 від 28.10.2016	04.11.2016		Zaporizhia	Istanbul	Turkey
04.11.2016	1638	Регулярні міжнародні	Дніпроавіа	UDN	Z6	Італійська Республіка	Івано-Франківськ	Салерно	0	2	04.11.2016	30.09.2026		Протокол засідання комісії ДАС № 18 від 28.10.2016	04.11.2016		Ivano-Frankivsk	Salerno	Italy
04.11.2016	1661	Регулярні міжнародні	МАУ	AUI	PS	Італійська Республіка	Чернівці	Бергамо	0	3	04.11.2016	01.11.2066		Протокол засідання комісії ДАС № 18 від 28.10.2016	04.11.2016		Chernivtsi	Bergamo	Italy
04.11.2016	1662	Регулярні міжнародні	АТЛАСДЖЕТ УКРАЇНА	UJX	UH	Королівство Великої Британії та Північної Ірландії	Одеса	Лондон	0	7	04.11.2016			Протокол засідання комісії ДАС № 18 від 28.10.2016	04.11.2016		Odessa	London	United Kingdom
04.11.2016	1665	Регулярні міжнародні	АТЛАСДЖЕТ УКРАЇНА	UJX	UH	Грузія	Київ	Тбілісі	0	7	04.11.2016			Протокол засідання комісії ДАС № 18 від 28.10.2016	04.11.2016		Kiev	Tbilisi	Georgia
04.11.2016	1660	Регулярні міжнародні	МАУ	AUI	PS	Держава Ізраїль	Чернівці	Тель-Авів	0	3	04.11.2016	01.11.2066		Протокол засідання комісії ДАС № 18 від 28.10.2016	04.11.2016		Chernivtsi	Tel-aviv	Israel
05.10.2016	1635	Регулярні міжнародні	Браво	BAY		Грузія	Одеса	Тбілісі	0	7	30.10.2016	29.10.2066		Протокол засідання комісії ДАС № 17 від 26.09.2016	05.10.2016		Odessa	Tbilisi	Georgia
05.10.2016	1632	Регулярні міжнародні	Браво	BAY		Грузія	Київ	Тбілісі	0	7	30.10.2016	29.10.2066		Протокол засідання комісії ДАС № 17 від 26.09.2016	05.10.2016		Kiev	Tbilisi	Georgia
05.10.2016	1634	Регулярні міжнародні	Браво	BAY		Грузія	Одеса	Батумі	0	7	30.10.2016	29.10.2066		Протокол засідання комісії ДАС № 17 від 26.09.2016	05.10.2016		Odessa	Batumi	Georgia
05.10.2016	1633	Регулярні міжнародні	Браво	BAY		Грузія	Київ	Кутаїсі	0	7	30.10.2016	29.10.2066		Протокол засідання комісії ДАС № 17 від 26.09.2016	05.10.2016		Kiev	Kutaisi	Georgia
05.10.2016	1631	Регулярні міжнародні	Браво	BAY		Грузія	Київ	Батумі	0	7	30.10.2016	29.10.2066		Протокол засідання комісії ДАС № 17 від 26.09.2016	05.10.2016		Kiev	Batumi	Georgia
05.10.2016	1636	Регулярні міжнародні	Браво	BAY		Грузія	Одеса	Кутаїсі	0	7	30.10.2016	29.10.2066		Протокол засідання комісії ДАС № 17 від 26.09.2016	05.10.2016		Odessa	Kutaisi	Georgia
05.10.2016	1598	Регулярні міжнародні	ДАРТ	DAT	D4	Грузія	Одеса	Тбілісі	0	7	15.10.2016	15.10.2065		Протокол засідання комісії ДАС № 17 від 26.09.2016	05.10.2016		Odessa	Tbilisi	Georgia
05.10.2016	1602	Регулярні міжнародні	ДАРТ	DAT	D4	Грузія	Київ	Батумі	0	7	15.10.2016	15.10.2065		Протокол засідання комісії ДАС № 17 від 26.09.2016	05.10.2016		Kiev	Batumi	Georgia
05.10.2016	1601	Регулярні міжнародні	ДАРТ	DAT	D4	Грузія	Київ	Тбілісі	0	7	15.10.2016	15.10.2065		Протокол засідання комісії ДАС № 17 від 26.09.2016	05.10.2016		Kiev	Tbilisi	Georgia
05.10.2016	1600	Регулярні міжнародні	ДАРТ	DAT	D4	Грузія	Львів	Тбілісі	0	7	15.10.2016	15.10.2065		Протокол засідання комісії ДАС № 17 від 26.09.2016	05.10.2016		Lviv	Tbilisi	Georgia
05.10.2016	1597	Регулярні міжнародні	ДАРТ	DAT	D4	Грузія	Одеса	Батумі	0	7	15.10.2016	15.10.2065		Протокол засідання комісії ДАС № 17 від 26.09.2016	05.10.2016		Odessa	Batumi	Georgia
05.10.2016	1599	Регулярні міжнародні	ДАРТ	DAT	D4	Грузія	Львів	Батумі	0	7	15.10.2016	15.10.2065		Протокол засідання комісії ДАС № 17 від 26.09.2016	05.10.2016		Lviv	Batumi	Georgia
05.10.2016	1547	Регулярні міжнародні	Азур Ейр Україна	UTN	QU	Об'єднані Арабські Емірати	Київ	Дубай	0	14	05.10.2016			Протокол засідання комісії ДАС № 17 від 26.09.2016	05.10.2016		Kiev	Dubai	United Arab Emirates
05.10.2016	1608	Регулярні міжнародні	МАУ	AUI	PS	Литовська Республіка	Львів	Каунас	0	3	05.10.2016	01.10.2066		Протокол засідання комісії ДАС № 17 від 26.09.2016	05.10.2016		Lviv	Kaunas	Lithuania
05.10.2016	1609	Регулярні міжнародні	МАУ	AUI	PS	Литовська Республіка	Одеса	Каунас	0	2	05.10.2016	01.10.2066		Протокол засідання комісії ДАС № 17 від 26.09.2016	05.10.2016		Odessa	Kaunas	Lithuania
05.10.2016	1570	Регулярні міжнародні	РОЗА ВІТРІВ	WRC	7W	Італійська Республіка	Івано-Франківськ	Салерно	0	2	05.10.2016			Протокол засідання комісії ДАС № 17 від 26.09.2016	05.10.2016		Ivano-Frankivsk	Salerno	Italy
01.09.2016	1524	Регулярні міжнародні	МАУ	AUI	PS	Китайська Народна Республіка	Київ	Шанхай	0	3	01.09.2016	01.09.2066		Протокол засідання комісії ДАС № 16 від 30.08.2016	01.09.2016		Kiev	Shanghai	China
01.09.2016	1539	Регулярні міжнародні	Браво	BAY		Об'єднані Арабські Емірати	Київ	Рас-аль-Хайма	0	2	01.09.2016	29.10.2026		Протокол засідання комісії ДАС № 16 від 30.08.2016	01.09.2016		Kiev	Ras al Khaimah	United Arab Emirates
01.09.2016	1520	Регулярні міжнародні	МАУ	AUI	PS	Угорська Республіка	Київ	Будапешт	0	7	01.09.2016	01.09.2066		Протокол засідання комісії ДАС № 16 від 30.08.2016	01.09.2016		Kiev	Budapest	Hungary
01.09.2016	1540	Регулярні міжнародні	Браво	BAY		Республіка Польща	Рівне	Люблін	0	5	01.09.2016	29.10.2026		Протокол засідання комісії ДАС № 16 від 30.08.2016	01.09.2016		Rivne	Lublin	Poland
01.09.2016	1523	Регулярні міжнародні	МАУ	AUI	PS	Арабська Республіка Єгипет	Київ	Каїр	0	4	01.09.2016	01.09.2066		Протокол засідання комісії ДАС № 16 від 30.08.2016	01.09.2016		Kiev	Cairo	Egypt
01.09.2016	1525	Регулярні міжнародні	МАУ	AUI	PS	Киргизька Республіка	Київ	Бішкек	0	4	01.09.2016	01.09.2066		Протокол засідання комісії ДАС № 16 від 30.08.2016	01.09.2016		Kiev	Bishkek	Kyrgyzstan
01.09.2016	1521	Регулярні міжнародні	МАУ	AUI	PS	Данія	Київ	Копенгаген	0	7	01.09.2016	01.09.2066		Протокол засідання комісії ДАС № 16 від 30.08.2016	01.09.2016		Kiev	Copenhagen	Denmark
01.09.2016	1519	Регулярні міжнародні	Дніпроавіа	UDN	Z6	Чеська Республіка	Дніпро	Острава	0	7	01.09.2016	31.08.2026		Протокол засідання комісії ДАС № 16 від 30.08.2016	01.09.2016		Dnipro	Ostrava	Czech Republic
01.09.2016	1538	Регулярні міжнародні	Браво	BAY		Словацька республіка	Київ	Попрад	0	3	01.09.2016	29.10.2026		Протокол засідання комісії ДАС № 16 від 30.08.2016	01.09.2016		Kiev	Poprad	Slovakia
01.09.2016	1522	Регулярні міжнародні	МАУ	AUI	PS	Федеративна Республіка Німеччина	Київ	Гамбург	0	7	01.09.2016	01.09.2066		Протокол засідання комісії ДАС № 16 від 30.08.2016	01.09.2016		Kiev	Hamburg	Germany
01.09.2016	1537	Регулярні міжнародні	Браво	BAY		Туніська Республіка	Київ	Туніс	0	2	01.09.2016	29.10.2026		Протокол засідання комісії ДАС № 16 від 30.08.2016	01.09.2016		Kiev	Tunis	Tunisia
01.09.2016	1536	Регулярні міжнародні	Браво	BAY		Республіка Польща	Київ	Люблін	0	5	01.09.2016	29.10.2026		Протокол засідання комісії ДАС № 16 від 30.08.2016	01.09.2016		Kiev	Lublin	Poland
01.08.2016	1510	Регулярні міжнародні	МАУ	AUI	PS	Республіка Білорусь	Львів	Мінськ	0	7	01.08.2016	01.08.2066		Протокол засідання комісії ДАС № 15 від 26.07.2016	01.08.2016		Lviv	Minsk	Belarus
07.07.2016	1502	Регулярні міжнародні	ЯнЕір ЛТД	ANR	YE	Республіка Польща	Харків	Люблін	0	2	01.08.2016			Протокол засідання комісії ДАС № 14 від 30.06.2016	07.07.2016		Kharkiv	Lublin	Poland
07.07.2016	1501	Регулярні міжнародні	ЯнЕір ЛТД	ANR	YE	Республіка Польща	Одеса	Люблін	0	2	01.08.2016			Протокол засідання комісії ДАС № 14 від 30.06.2016	07.07.2016		Odessa	Lublin	Poland
01.08.2016	1511	Регулярні міжнародні	Браво	BAY		Республіка Хорватія	Київ	Задар	0	2	01.08.2016	20.10.2026		Протокол засідання комісії ДАС № 15 від 26.07.2016	01.08.2016		Kiev	Zadar	Croatia
01.08.2016	1509	Регулярні міжнародні	МАУ	AUI	PS	Республіка Польща	Львів	Варшава	0	7	01.08.2016	01.08.2066		Протокол засідання комісії ДАС № 15 від 26.07.2016	01.08.2016		Lviv	Warsaw	Poland
01.08.2016	1506	Регулярні міжнародні	МАУ	AUI	PS	Литовська Республіка	Львів	Вільнюс	0	7	01.08.2016	01.08.2066		Протокол засідання комісії ДАС № 15 від 26.07.2016	01.08.2016		Lviv	Vilnius	Lithuania
01.08.2016	1505	Регулярні міжнародні	МАУ	AUI	PS	Ісламська Республіка Іран	Київ	Шираз	0	3	01.08.2016	01.08.2066		Протокол засідання комісії ДАС № 15 від 26.07.2016	01.08.2016		Kiev	Shiraz	Iran
01.08.2016	1508	Регулярні міжнародні	МАУ	AUI	PS	Держава Ізраїль	Запоріжжя	Тель-Авів	0	7	01.08.2016	01.08.2066		Протокол засідання комісії ДАС № 15 від 26.07.2016	01.08.2016		Zaporizhia	Tel-aviv	Israel
01.08.2016	1507	Регулярні міжнародні	МАУ	AUI	PS	Литовська Республіка	Київ	Каунас	0	21	01.08.2016	01.08.2066		Протокол засідання комісії ДАС № 15 від 26.07.2016	01.08.2016		Kiev	Kaunas	Lithuania
12.12.2016	1486	Регулярні міжнародні	МАУ	AUI	PS	Литовська Республіка	Київ	Паланга	0	3	07.07.2016	01.07.2066		Протокол засідання комісії ДАС № 19 від 30.11.2016	12.12.2016		Kiev	Palanga	Lithuania
07.07.2016	1500	Регулярні міжнародні	ЯнЕір ЛТД	ANR	YE	Республіка Польща	Київ	Люблін	0	4	07.07.2016			Протокол засідання комісії ДАС № 14 від 30.06.2016	07.07.2016		Kiev	Lublin	Poland
07.07.2016	1498	Регулярні міжнародні	Дніпроавіа	UDN	Z6	Чеська Республіка	Дніпро	Прага	0	7	07.07.2016	30.06.2026		Протокол засідання комісії ДАС № 14 від 30.06.2016	07.07.2016		Dnipro	Prague	Czech Republic
07.07.2016	1488	Регулярні міжнародні	Браво	BAY		Туніська Республіка	Київ	Джерба	0	1	07.07.2016	29.10.2026		Протокол засідання комісії ДАС № 14 від 30.06.2016	07.07.2016		Kiev	Medenine	Tunisia
07.07.2016	1489	Регулярні міжнародні	Браво	BAY		Республіка Болгарія	Київ	Варна	0	2	07.07.2016	29.10.2026		Протокол засідання комісії ДАС № 14 від 30.06.2016	07.07.2016		Kiev	Varna	Bulgaria
07.07.2016	1487	Регулярні міжнародні	МАУ	AUI	PS	Румунія	Київ	Бухарест	0	7	07.07.2016	01.07.2066		Протокол засідання комісії ДАС № 14 від 30.06.2016	07.07.2016		Kiev	Bucharest	Romania
02.06.2016	1471	Регулярні міжнародні	ЯнЕір ЛТД	ANR	YE	Італійська Республіка	Київ	Рим	0	5	01.07.2016			Протокол засідання комісії ДАС №13 від 27.05.2016	02.06.2016		Kiev	Rome	Italy
01.08.2016	1467	Регулярні міжнародні	Браво	BAY		Туніська Республіка	Київ	Енфіда	0	3	02.06.2016	29.10.2026		Протокол засідання комісії ДАС № 15 від 26.07.2016	01.08.2016		Kiev	Enfidha	Tunisia
02.06.2016	1464	Регулярні міжнародні	РОЗА ВІТРІВ	WRC	7W	Туніська Республіка	Київ	Енфіда	0	2	02.06.2016			Протокол засідання комісії ДАС №13 від 27.05.2016	02.06.2016		Kiev	Enfidha	Tunisia
02.06.2016	1472	Регулярні міжнародні	ЯнЕір ЛТД	ANR	YE	Республика Вірменія	Одеса	Єреван	0	2	02.06.2016			Протокол засідання комісії ДАС №13 від 27.05.2016	02.06.2016		Odessa	Yerevan	Armenia
02.06.2016	1466	Регулярні міжнародні	Браво	BAY		Туніська Республіка	Львів	Енфіда	0	1	02.06.2016	29.10.2026		Протокол засідання комісії ДАС №13 від 27.05.2016	02.06.2016		Lviv	Enfidha	Tunisia
02.06.2016	1465	Регулярні міжнародні	Браво	BAY		Туніська Республіка	Харків	Енфіда	0	1	02.06.2016	29.10.2026		Протокол засідання комісії ДАС №13 від 27.05.2016	02.06.2016		Kharkiv	Enfidha	Tunisia
02.06.2016	1468	Регулярні міжнародні	Браво	BAY		Грецька Республіка	Київ	Салоніки	0	1	02.06.2016	29.10.2026		Протокол засідання комісії ДАС №13 від 27.05.2016	02.06.2016		Kiev	Thessaloniki	Greece
06.05.2016	1461	Регулярні міжнародні	ЯнЕір ЛТД	ANR	YE	Грузія	Одеса	Батумі	0	5	01.06.2016			Протокол засідання комісії ДАС № 12 від 28.04.2016	10.05.2016		Odessa	Batumi	Georgia
06.05.2016	1460	Регулярні міжнародні	ЯнЕір ЛТД	ANR	YE	Грузія	Одеса	Тбілісі	0	5	01.06.2016			Протокол засідання комісії ДАС № 12 від 28.04.2016	10.05.2016		Odessa	Tbilisi	Georgia
06.05.2016	1429	Регулярні міжнародні	ДАРТ	DAT	D4	Республіка Албанія	Київ	Тірана	0	7	16.05.2016	16.05.2065		Протокол засідання комісії ДАС № 12 від 28.04.2016	10.05.2016		Kiev	Tirana	Albania
06.05.2016	1453	Регулярні міжнародні	МАУ	AUI	PS	Грузія	Харків	Батумі	0	2	06.05.2016	01.05.2066		Протокол засідання комісії ДАС № 12 від 28.04.2016	10.05.2016		Kharkiv	Batumi	Georgia
06.05.2016	1454	Регулярні міжнародні	МАУ	AUI	PS	Італійська Республіка	Івано-Франківськ	Венеція	0	2	06.05.2016	01.05.2066		Протокол засідання комісії ДАС № 12 від 28.04.2016	10.05.2016		Ivano-Frankivsk	Venice	Italy
06.05.2016	1459	Регулярні міжнародні	Дніпроавіа	UDN	Z6	Республіка Болгарія	Одеса	Бургас	0	7	06.05.2016	30.04.2026		Протокол засідання комісії ДАС № 12 від 28.04.2016	10.05.2016		Odessa	Burgas	Bulgaria
06.05.2016	1458	Регулярні міжнародні	Дніпроавіа	UDN	Z6	Грузія	Дніпро	Кутаїсі	0	7	06.05.2016	30.04.2026		Протокол засідання комісії ДАС № 12 від 28.04.2016	10.05.2016		Dnipro	Kutaisi	Georgia
06.05.2016	1455	Регулярні міжнародні	МАУ	AUI	PS	Італійська Республіка	Івано-Франківськ	Мілан	0	2	06.05.2016	01.05.2066		Протокол засідання комісії ДАС № 12 від 28.04.2016	10.05.2016		Ivano-Frankivsk	Milano	Italy
06.05.2016	1456	Регулярні міжнародні	МАУ	AUI	PS	Республіка Польща	Івано-Франківськ	Познан	0	2	06.05.2016	01.05.2066		Протокол засідання комісії ДАС № 12 від 28.04.2016	10.05.2016		Ivano-Frankivsk	Poznan	Poland
06.05.2016	1457	Регулярні міжнародні	Дніпроавіа	UDN	Z6	Республика Вірменія	Дніпро	Єреван	0	3	06.05.2016	30.04.2026		Протокол засідання комісії ДАС № 12 від 28.04.2016	10.05.2016		Dnipro	Yerevan	Armenia
06.05.2016	1452	Регулярні міжнародні	МАУ	AUI	PS	Королівство Іспанія	Івано-Франківськ	Аліканте	0	2	06.05.2016	01.05.2066		Протокол засідання комісії ДАС № 12 від 28.04.2016	10.05.2016		Ivano-Frankivsk	Alicante	Spain
22.03.2016	1266	Регулярні міжнародні	ДАРТ	DAT	D4	Грецька Республіка	Київ	Афіни	0	3	25.04.2016	25.04.2065		Протокол засідання комісії ДАС №10 від 22.03.2016	22.03.2016		Kiev	Athens	Greece
05.04.2016	1380	Регулярні міжнародні	МАУ	AUI	PS	Королівство Іспанія	Івано-Франківськ	Валенсія	0	2	05.04.2016	01.04.2066		Протокол засідання комісії ДАС № 11 від 05.04.2016	06.04.2016		Ivano-Frankivsk	Valencia	Spain
05.04.2016	1379	Регулярні міжнародні	МАУ	AUI	PS	Азербайджанська Республіка	Івано-Франківськ	Баку	0	1	05.04.2016	01.04.2066		Протокол засідання комісії ДАС № 11 від 05.04.2016	06.04.2016		Ivano-Frankivsk	Baku	Azerbaijan
05.04.2016	1407	Регулярні міжнародні	ЯнЕір ЛТД	ANR	YE	Королівство Іспанія	Київ	Кастельон-де-ла-Плана	0	4	05.04.2016			Протокол засідання комісії ДАС № 11 від 05.04.2016	06.04.2016		Kiev	Castellon de la Plana	Spain
05.04.2016	1377	Регулярні міжнародні	РОЗА ВІТРІВ	WRC	7W	Італійська Республіка	Івано-Франківськ	Брешія	0	2	05.04.2016			Протокол засідання комісії ДАС № 11 від 05.04.2016	06.04.2016		Ivano-Frankivsk	Brescia	Italy
05.04.2016	1378	Регулярні міжнародні	МАУ	AUI	PS	Італійська Республіка	Івано-Франківськ	Неаполь	0	2	05.04.2016	01.04.2066		Протокол засідання комісії ДАС № 11 від 05.04.2016	06.04.2016		Ivano-Frankivsk	Naples	Italy
05.10.2016	1382	Регулярні міжнародні	МАУ	AUI	PS	Демократична Соціалістична Республіка Шрі-Ланка	Київ	Коломбо	0	4	05.04.2016	01.04.2066		Протокол засідання комісії ДАС № 17 від 26.09.2016	05.10.2016		Kiev	Colombo	Sri Lanka
05.04.2016	1406	Регулярні міжнародні	ЯнЕір ЛТД	ANR	YE	Королівство Норвегія	Київ	Осло	0	5	05.04.2016	24.10.2019		Протокол засідання комісії ДАС № 11 від 05.04.2016	06.04.2016		Kiev	Oslo	Norway
05.04.2016	1427	Регулярні міжнародні	Українсько-середземноморські авіалінії	UKM	UF	Хашимітське Королівство Йорданія	Харків	Амман	0	1	05.04.2016	31.12.2025		Протокол засідання комісії ДАС № 11 від 05.04.2016	06.04.2016		Kharkiv	Amman	Jordan
05.04.2016	1405	Регулярні міжнародні	ЯнЕір ЛТД	ANR	YE	Грузія	Київ	Батумі	0	10	05.04.2016	24.10.2019		Протокол засідання комісії ДАС № 11 від 05.04.2016	06.04.2016		Kiev	Batumi	Georgia
05.04.2016	1381	Регулярні міжнародні	МАУ	AUI	PS	Республіка Польща	Івано-Франківськ	Гданськ	0	4	05.04.2016	01.04.2066		Протокол засідання комісії ДАС № 11 від 05.04.2016	06.04.2016		Ivano-Frankivsk	Gdansk	Poland
05.04.2016	1404	Регулярні міжнародні	ЯнЕір ЛТД	ANR	YE	Республіка Ірак	Київ	Ербіль	0	3	05.04.2016	24.10.2019		Протокол засідання комісії ДАС № 11 від 05.04.2016	06.04.2016		Kiev	Erbil	Iraq
22.03.2016	1376	Регулярні міжнародні	ЯнЕір ЛТД	ANR	YE	Латвійська Республіка	Київ	Рига	0	7	01.04.2016	24.10.2019		Протокол засідання комісії ДАС № 10 від 22.03.2016	22.03.2016		Kiev	Riga	Latvia
22.03.2016	1374	Регулярні міжнародні	ЯнЕір ЛТД	ANR	YE	Королівство Іспанія	Київ	Барселона	0	5	01.04.2016	24.10.2019		Протокол засідання комісії ДАС № 10 від 22.03.2016	22.03.2016		Kiev	Barcelona	Spain
22.03.2016	1373	Регулярні міжнародні	ЯнЕір ЛТД	ANR	YE	Республіка Кіпр	Київ	Пафос	0	3	01.04.2016	24.10.2019		Протокол засідання комісії ДАС № 10 від 22.03.2016	22.03.2016		Kiev	Paphos	Cyprus
22.03.2016	1375	Регулярні міжнародні	ЯнЕір ЛТД	ANR	YE	Держава Ізраїль	Харків	Тель-Авів	0	3	22.03.2016	24.10.2019		Протокол засідання комісії ДАС № 10 від 22.03.2016	22.03.2016		Kharkiv	Tel-aviv	Israel
22.03.2016	1289	Регулярні міжнародні	РОЗА ВІТРІВ	WRC	7W	Республіка Кіпр	Одеса	Ларнака	0	2	22.03.2016			Протокол засідання комісії ДАС № 10 від 22.03.2016	22.03.2016		Odessa	Larnaca	Cyprus
02.02.2016	1263	Регулярні міжнародні	ЯнЕір ЛТД	ANR	YE	Республіка Кіпр	Київ	Ларнака	0	7	01.03.2016	24.10.2019		Протокол засідання комісії ДАС №9 від 02.02.2016	03.02.2016		Kiev	Larnaca	Cyprus
02.02.2016	1260	Регулярні міжнародні	ЯнЕір ЛТД	ANR	YE	Федеративна Республіка Німеччина	Одеса	Гамбург	0	4	01.03.2016	24.10.2019		Протокол засідання комісії ДАС №9 від 02.02.2016	03.02.2016		Odessa	Hamburg	Germany
02.02.2016	1261	Регулярні міжнародні	ЯнЕір ЛТД	ANR	YE	Угорська Республіка	Одеса	Будапешт	0	4	01.03.2016	24.10.2019		Протокол засідання комісії ДАС №9 від 02.02.2016	03.02.2016		Odessa	Budapest	Hungary
02.02.2016	1262	Регулярні міжнародні	ЯнЕір ЛТД	ANR	YE	Азербайджанська Республіка	Київ	Гянджа	0	4	01.03.2016	24.10.2019		Протокол засідання комісії ДАС №9 від 02.02.2016	03.02.2016		Kiev	Ganja	Azerbaijan
02.02.2016	1259	Регулярні міжнародні	ЯнЕір ЛТД	ANR	YE	Грецька Республіка	Одеса	Афіни	0	4	01.03.2016	24.10.2019		Протокол засідання комісії ДАС №9 від 02.02.2016	03.02.2016		Odessa	Athens	Greece
02.02.2016	1265	Регулярні міжнародні	Дніпроавіа	UDN	Z6	Республіка Болгарія	Харків	Бургас	0	7	02.02.2016	31.01.2026		Протокол засідання комісії ДАС №9 від 02.02.2016	03.02.2016		Kharkiv	Burgas	Bulgaria
02.02.2016	1264	Регулярні міжнародні	Дніпроавіа	UDN	Z6	Республіка Польща	Дніпро	Варшава	0	7	02.02.2016	31.01.2026		Протокол засідання комісії ДАС №9 від 02.02.2016	03.02.2016		Dnipro	Warsaw	Poland
02.02.2016	1267	Регулярні міжнародні	МАУ	AUI	PS	Федеративна Республіка Німеччина	Київ	Дюссельдорф	0	7	02.02.2016	01.02.2066		Протокол засідання комісії ДАС №9 від 02.02.2016	03.02.2016		Kiev	Dusseldorf	Germany
02.02.2016	1257	Регулярні міжнародні	РОЗА ВІТРІВ	WRC	7W	Королівство Іспанія	Київ	Аліканте	0	2	02.02.2016			Протокол засідання комісії ДАС № 9 від 02.02.2016	03.02.2016		Kiev	Alicante	Spain
30.12.2015	1253	Регулярні міжнародні	Дніпроавіа	UDN	Z6	Республіка Албанія	Київ	Тірана	0	7	01.01.2016	31.12.2025		Протокол засідання комісії ДАС №8 від 30.12.2015	31.12.2015		Kiev	Tirana	Albania
30.12.2015	1255	Регулярні міжнародні	Дніпроавіа	UDN	Z6	Республіка Кіпр	Дніпро	Ларнака	0	7	01.01.2016	31.12.2025		Протокол засідання комісії ДАС №8 від 30.12.2015	31.12.2015		Dnipro	Larnaca	Cyprus
30.12.2015	1252	Регулярні міжнародні	Дніпроавіа	UDN	Z6	Республіка Болгарія	Львів	Бургас	0	7	30.12.2015	30.11.2025		Протокол засідання комісії ДАС №8 від 30.12.2015	31.12.2015		Lviv	Burgas	Bulgaria
30.12.2015	1254	Регулярні міжнародні	Дніпроавіа	UDN	Z6	Республіка Хорватія	Львів	Спліт	0	7	30.12.2015	30.11.2025		Протокол засідання комісії ДАС №8 від 30.12.2015	31.12.2015		Lviv	Split	Croatia
30.12.2015	1251	Регулярні міжнародні	РОЗА ВІТРІВ	WRC	7W	Республіка Кіпр	Київ	Ларнака	0	6	30.12.2015			Протокол засідання комісії ДАС №8 від 30.12.2015	31.12.2015		Kiev	Larnaca	Cyprus
09.12.2015	1244	Регулярні міжнародні	МАУ	AUI	PS	Естонія	Київ	Таллінн	0	7	09.12.2015	01.12.2065		Протокол засідання комісії ДАС №7 від 09.12.2015	11.12.2015		Kiev	Tallinn	Estonia
09.12.2015	1249	Регулярні міжнародні	ЗЕТАВІА			Китайська Народна Республіка	Одеса	Тяньцзинь	0	1	09.12.2015	01.12.2020		Протокол засідання комісії ДАС №7 від 09.12.2015	11.12.2015		Odessa	Tianjin	China
09.12.2015	1242	Регулярні міжнародні	ЯнЕір ЛТД	ANR	YE	Федеративна Республіка Німеччина	Київ	Дрезден	0	4	09.12.2015	24.10.2019		Протокол засідання комісії ДАС №7 від 09.12.2015	11.12.2015		Kiev	Dresden	Germany
09.12.2015	1243	Регулярні міжнародні	ЯнЕір ЛТД	ANR	YE	Держава Ізраїль	Одеса	Тель-Авів	0	4	09.12.2015	24.10.2019		Протокол засідання комісії ДАС №7 від 09.12.2015	11.12.2015		Odessa	Tel-aviv	Israel
09.12.2015	1248	Регулярні міжнародні	ЗЕТАВІА			Китайська Народна Республіка	Київ	Тяньцзинь	0	1	09.12.2015	01.12.2020		Протокол засідання комісії ДАС №7 від 09.12.2015	11.12.2015		Kiev	Tianjin	China
09.12.2015	1241	Регулярні міжнародні	ЯнЕір ЛТД	ANR	YE	Об'єднані Арабські Емірати	Київ	Дубай	0	5	09.12.2015	24.10.2019		Протокол засідання комісії ДАС №7 від 09.12.2015	11.12.2015		Kiev	Dubai	United Arab Emirates
09.12.2015	1245	Регулярні міжнародні	МАУ	AUI	PS	Республіка Туреччина	Київ	Анкара	0	7	09.12.2015	01.12.2065		Протокол засідання комісії ДАС №7 від 09.12.2015	11.12.2015		Kiev	Ankara	Turkey
30.10.2015	1240	Регулярні міжнародні	ЯнЕір ЛТД	ANR	YE	Республика Вірменія	Одеса	Гюмрі	0	7	01.12.2015	24.10.2019		Протокол засідання комісії ДАС №6 від 30.10.2015	30.10.2015		Odessa	Gyumri	Armenia
30.10.2015	1239	Регулярні міжнародні	ЯнЕір ЛТД	ANR	YE	Республика Вірменія	Київ	Гюмрі	0	5	01.12.2015	24.10.2019		Протокол засідання комісії ДАС №6 від 30.10.2015	30.10.2015		Kiev	Gyumri	Armenia
30.10.2015	1232	Регулярні міжнародні	Дніпроавіа	UDN	Z6	Республіка Білорусь	Дніпро	Мінськ	0	7	01.11.2015	31.10.2025		Протокол засідання комісії ДАС №6 від 30.10.2015	30.10.2015		Dnipro	Minsk	Belarus
30.10.2015	1233	Регулярні міжнародні	Дніпроавіа	UDN	Z6	Республіка Молдова	Дніпро	Кишинеу	0	7	01.11.2015	31.10.2025		Протокол засідання комісії ДАС №6 від 30.10.2015	30.10.2015		Dnipro	Chisinau	Moldova
30.10.2015	1231	Регулярні міжнародні	Дніпроавіа	UDN	Z6	Республіка Білорусь	Івано-Франківськ	Мінськ	0	7	01.11.2015	31.10.2025		Протокол засідання комісії ДАС №6 від 30.10.2015	30.10.2015		Ivano-Frankivsk	Minsk	Belarus
30.10.2015	1238	Регулярні міжнародні	МАУ	AUI	PS	Республіка Казахстан	Київ	Актау	0	2	30.10.2015	20.10.2065		Протокол засідання комісії ДАС №6 від 30.10.2015	30.10.2015		Kiev	Aktau	Kazakhstan
30.10.2015	1234	Регулярні міжнародні	Мотор Січ	MSI	М9	Республіка Білорусь	Запоріжжя	Мінськ	0	7	30.10.2015			Протокол засідання комісії ДАС №6 від 30.10.2015	30.10.2015		Zaporizhia	Minsk	Belarus
30.10.2015	1237	Регулярні міжнародні	МАУ	AUI	PS	Хашимітське Королівство Йорданія	Київ	Амман	0	7	30.10.2015	20.10.2065		Протокол засідання комісії ДАС №6 від 30.10.2015	30.10.2015		Kiev	Amman	Jordan
30.10.2015	1236	Регулярні міжнародні	МАУ	AUI	PS	Грузія	Харків	Кутаїсі	0	2	30.10.2015	20.10.2065		Протокол засідання комісії ДАС №6 від 30.10.2015	30.10.2015		Kharkiv	Kutaisi	Georgia
30.10.2015	1235	Регулярні міжнародні	РОЗА ВІТРІВ	WRC	7W	Республіка Узбекистан	Київ	Ташкент	0	2	30.10.2015			Протокол засідання комісії ДАС №6 від 30.10.2015	30.10.2015		Kiev	Tashkent	Uzbekistan
06.10.2015	1228	Регулярні міжнародні	ЯнЕір ЛТД	ANR	YE	Румунія	Київ	Бухарест	0	7	06.10.2015	24.10.2018		Протокол засідання комісії ДАС №5 від 06.10.2015	06.10.2015		Kiev	Bucharest	Romania
06.10.2015	1227	Регулярні міжнародні	ЯнЕір ЛТД	ANR	YE	Королівство Швеція	Київ	Стокгольм	0	5	06.10.2015	24.10.2018		Протокол засідання комісії ДАС №5 від 06.10.2015	06.10.2015		Kiev	Stockholm	Sweden
06.10.2015	1226	Регулярні міжнародні	ЯнЕір ЛТД	ANR	YE	Республіка Сербiя	Київ	Бєлград	0	5	06.10.2015	24.10.2018		Протокол засідання комісії ДАС №5 від 06.10.2015	06.10.2015		Kiev	Belgrade	Serbia
06.10.2015	1229	Регулярні міжнародні	ЯнЕір ЛТД	ANR	YE	Республика Вірменія	Київ	Єреван	0	7	06.10.2015	24.10.2018		Протокол засідання комісії ДАС №5 від 06.10.2015	06.10.2015		Kiev	Yerevan	Armenia
28.08.2015	1167	Регулярні міжнародні	Дніпроавіа	UDN	Z6	Федеративна Республіка Німеччина	Дніпро	Берлін	0	4	01.09.2015	31.08.2025		Протокол засідання комісії ДАС №4	28.08.2015		Dnipro	Berlin	Germany
28.08.2015	1181	Регулярні міжнародні	Браво	BAY		Федеративна Республіка Німеччина	Київ	Штуттгард	0	7	01.09.2015	31.12.2025		Протокол засідання комісії ДАС №4	28.08.2015		Kiev	Stuttgart	Germany
28.08.2015	1185	Регулярні міжнародні	Браво	BAY		Італійська Республіка	Київ	Болонья	0	7	01.09.2015	31.12.2025		Протокол засідання комісії ДАС №4	28.08.2015		Kiev	Bologna	Italy
28.08.2015	1177	Регулярні міжнародні	Дніпроавіа	UDN	Z6	Італійська Республіка	Івано-Франківськ	Болонья	0	2	01.09.2015	31.08.2025		Протокол засідання комісії ДАС №4	28.08.2015		Ivano-Frankivsk	Bologna	Italy
28.08.2015	1172	Регулярні міжнародні	Українсько-середземноморські авіалінії	UKM	UF	Королівство Швеція	Київ	Стокгольм	0	7	01.09.2015	31.12.2025		Протокол засідання комісії ДАС №4	28.08.2015		Kiev	Stockholm	Sweden
28.08.2015	1182	Регулярні міжнародні	Браво	BAY		Федеративна Республіка Німеччина	Київ	Ганновер	0	7	01.09.2015	31.12.2025		Протокол засідання комісії ДАС №4	28.08.2015		Kiev	Hanover	Germany
28.08.2015	1175	Регулярні міжнародні	Браво	BAY		Королівство Швеція	Київ	Стокгольм	0	7	01.09.2015	31.12.2025		Протокол засідання комісії ДАС №4	28.08.2015		Kiev	Stockholm	Sweden
29.12.2016	1161	Регулярні міжнародні	МАУ	AUI	PS	Держава Ізраїль	Вінниця	Тель-Авів	0	3	01.09.2015			Протокол засідання комісії ДАС № 20 від 27.12.2016	29.12.2016		Vinnytsia	Tel-aviv	Israel
28.08.2015	1180	Регулярні міжнародні	Браво	BAY		Королівство Великої Британії та Північної Ірландії	Київ	Лондон	0	3	01.09.2015	31.12.2025		Протокол засідання комісії ДАС №4	28.08.2015		Kiev	London	United Kingdom
28.08.2015	1184	Регулярні міжнародні	Браво	BAY		Італійська Республіка	Київ	Неаполь	0	7	01.09.2015	31.12.2025		Протокол засідання комісії ДАС №4	28.08.2015		Kiev	Naples	Italy
28.08.2015	1170	Регулярні міжнародні	Українсько-середземноморські авіалінії	UKM	UF	Данія	Київ	Копенгаген	0	7	01.09.2015	31.12.2025		Протокол засідання комісії ДАС №4	28.08.2015		Kiev	Copenhagen	Denmark
28.08.2015	1171	Регулярні міжнародні	Українсько-середземноморські авіалінії	UKM	UF	Республіка Кіпр	Київ	Ларнака	0	7	01.09.2015	31.12.2025		Протокол засідання комісії ДАС №4	28.08.2015		Kiev	Larnaca	Cyprus
28.08.2015	1173	Регулярні міжнародні	Браво	BAY		Данія	Київ	Копенгаген	0	7	01.09.2015	31.12.2025		Протокол засідання комісії ДАС №4	28.08.2015		Kiev	Copenhagen	Denmark
28.08.2015	1178	Регулярні міжнародні	Дніпроавіа	UDN	Z6	Італійська Республіка	Львів	Болонья	0	2	01.09.2015	31.08.2025		Протокол засідання комісії ДАС №4	28.08.2015		Lviv	Bologna	Italy
28.08.2015	1186	Регулярні міжнародні	Українсько-середземноморські авіалінії	UKM	UF	Італійська Республіка	Київ	Неаполь	0	2	01.09.2015	31.12.2025		Протокол засідання комісії ДАС №4	28.08.2015		Kiev	Naples	Italy
28.08.2015	1164	Регулярні міжнародні	Дніпроавіа	UDN	Z6	Республіка Туреччина	Івано-Франківськ	Стамбул	0	7	01.09.2015	31.08.2025		Протокол засідання комісії ДАС №4	28.08.2015		Ivano-Frankivsk	Istanbul	Turkey
28.08.2015	1165	Регулярні міжнародні	Дніпроавіа	UDN	Z6	Федеративна Республіка Німеччина	Дніпро	Франкфурт	0	3	01.09.2015	31.08.2025		Протокол засідання комісії ДАС №4	28.08.2015		Dnipro	Frankfurt	Germany
28.08.2015	1187	Регулярні міжнародні	Українсько-середземноморські авіалінії	UKM	UF	Італійська Республіка	Київ	Болонья	0	2	01.09.2015	31.12.2025		Протокол засідання комісії ДАС №4	28.08.2015		Kiev	Bologna	Italy
28.08.2015	1174	Регулярні міжнародні	Браво	BAY		Республіка Кіпр	Київ	Ларнака	0	7	01.09.2015	31.12.2025		Протокол засідання комісії ДАС №4	28.08.2015		Kiev	Larnaca	Cyprus
28.08.2015	1162	Регулярні міжнародні	МАУ	AUI	PS	Республіка Індія	Київ	Гоа	0	1	01.09.2015			Протокол засідання комісії ДАС №4 від 28.08.2015	28.08.2015		Kiev	Goa	India
28.08.2015	1183	Регулярні міжнародні	Браво	BAY		Федеративна Республіка Німеччина	Київ	Кельн	0	7	01.09.2015	31.12.2025		Протокол засідання комісії ДАС №4	28.08.2015		Kiev	Cologne	Germany
28.08.2015	1166	Регулярні міжнародні	Дніпроавіа	UDN	Z6	Федеративна Республіка Німеччина	Дніпро	Мюнхен	0	4	01.09.2015	31.08.2025		Протокол засідання комісії ДАС №4	28.08.2015		Dnipro	Munich	Germany
28.08.2015	1136	Регулярні міжнародні	РОЗА ВІТРІВ	WRC	7W	Республіка Кіпр	Львів	Ларнака	0	2	28.08.2015			Протокол засідання комісії ДАС №4	28.08.2015		Lviv	Larnaca	Cyprus
28.08.2015	1138	Регулярні міжнародні	РОЗА ВІТРІВ	WRC	7W	Демократична Соціалістична Республіка Шрі-Ланка	Київ	Коломбо	0	3	28.08.2015			Протокол засідання комісії ДАС №4	28.08.2015		Kiev	Colombo	Sri Lanka
28.08.2015	1131	Регулярні міжнародні	РОЗА ВІТРІВ	WRC	7W	Об'єднані Арабські Емірати	Дніпро	Дубай	0	3	28.08.2015			Протокол засідання комісії ДАС №4	28.08.2015		Dnipro	Dubai	United Arab Emirates
28.08.2015	1168	Регулярні міжнародні	ЯнЕір ЛТД	ANR	YE	Румунія	Одеса	Бухарест	0	6	28.08.2015	24.10.2018		Протокол засідання комісії ДАС №4	28.08.2015		Odessa	Bucharest	Romania
28.08.2015	1134	Регулярні міжнародні	РОЗА ВІТРІВ	WRC	7W	Королівство Іспанія	Харків	Барселона	0	3	28.08.2015			Протокол засідання комісії ДАС №4	28.08.2015		Kharkiv	Barcelona	Spain
30.10.2015	1169	Регулярні міжнародні	ЯнЕір ЛТД	ANR	YE	Республіка Молдова	Одеса	Кишинеу	0	7	28.08.2015	24.10.2018		Протокол засідання комісії ДАС №6 від 30.10.2015	30.10.2015		Odessa	Chisinau	Moldova
28.08.2015	1137	Регулярні міжнародні	РОЗА ВІТРІВ	WRC	7W	Республіка Хорватія	Київ	Дубровнік	0	3	28.08.2015			Протокол засідання комісії ДАС №4	28.08.2015		Kiev	Dubrovnik	Croatia
28.08.2015	1163	Регулярні міжнародні	РОЗА ВІТРІВ	WRC	7W	Республіка Індія	Київ	Гоа	0	1	28.08.2015			Протокол засідання комісії ДАС №4	28.08.2015		Kiev	Goa	India
28.08.2015	1130	Регулярні міжнародні	РОЗА ВІТРІВ	WRC	7W	Королівство Таїланд	Київ	Бангкок	0	3	28.08.2015			Протокол засідання комісії ДАС №4	28.08.2015		Kiev	Bangkok	Thailand
28.08.2015	1132	Регулярні міжнародні	РОЗА ВІТРІВ	WRC	7W	Об'єднані Арабські Емірати	Львів	Дубай	0	3	28.08.2015			Протокол засідання комісії ДАС №4	28.08.2015		Lviv	Dubai	United Arab Emirates
28.08.2015	1135	Регулярні міжнародні	РОЗА ВІТРІВ	WRC	7W	Королівство Іспанія	Київ	Тенеріфе	0	3	28.08.2015			Протокол засідання комісії ДАС №4	28.08.2015		Kiev	Tenerife	Spain
28.08.2015	1179	Регулярні міжнародні	АТЛАСДЖЕТ УКРАЇНА	UJX	UH	Італійська Республіка	Львів	Неаполь	0	3	28.08.2015			Протокол засідання комісії ДАС №4	28.08.2015		Lviv	Naples	Italy
28.08.2015	1133	Регулярні міжнародні	РОЗА ВІТРІВ	WRC	7W	Об'єднані Арабські Емірати	Київ	Дубай	0	3	28.08.2015			Протокол засідання комісії ДАС №4	28.08.2015		Kiev	Dubai	United Arab Emirates
03.08.2015	1124	Регулярні міжнародні	АТЛАСДЖЕТ УКРАЇНА	UJX	UH	Королівство Швеція	Київ	Стокгольм	0	5	03.08.2015			Протокол засідання комісії ДАС № 3 від 03.08.2015	04.08.2015		Kiev	Stockholm	Sweden
29.07.2015	1122	Регулярні міжнародні	МАУ	AUI	PS	Італійська Республіка	Харків	Мілан	0	1	29.07.2015			Протокол засідання комісії ДАС № 2 від 01.07.2015	29.07.2015		Kharkiv	Milano	Italy
28.08.2015	1121	Регулярні міжнародні	МАУ	AUI	PS	Італійська Республіка	Львів	Болонья	0	2	29.07.2015			Протокол засідання комісії ДАС №4 від 28.08.2015	28.08.2015		Lviv	Bologna	Italy
02.07.2015	1068	Регулярні міжнародні	АТЛАСДЖЕТ УКРАЇНА	UJX	UH	Російська Федерація	Київ	Санкт-Петербург	0	7р/т	02.07.2015	01.11.2025		Протокол засідання комісії ДАСУ №2 від 01.07.2015	03.07.2015		Kiev	St. Petersburg	Russia
02.07.2015	1089	Регулярні міжнародні	Дніпроавіа	UDN	Z6	Республіка Польща	Харків	Варшава	0	7	02.07.2015	30.06.2025		Протокол засідання комісії ДАСУ №2 від 01.07.2015	03.07.2015		Kharkiv	Warsaw	Poland
02.07.2015	1086	Регулярні міжнародні	Дніпроавіа	UDN	Z6	Грузія	Одеса	Тбілісі	0	7	02.07.2015	30.06.2025		Протокол засідання комісії ДАСУ №2 від 01.07.2015	03.07.2015		Odessa	Tbilisi	Georgia
02.07.2015	1073	Регулярні міжнародні	АТЛАСДЖЕТ УКРАЇНА	UJX	UH	Республіка Ірак	Київ	Ербіль	0	4	02.07.2015	01.11.2025		Протокол засідання комісії ДАСУ №2 від 01.07.2015	03.07.2015		Kiev	Erbil	Iraq
04.11.2016	1082	Регулярні міжнародні	МАУ	AUI	PS	Республіка Туреччина	Львів	Стамбул	0	7	02.07.2015			Протокол засідання комісії ДАС № 18 від 28.10.2016	04.11.2016		Lviv	Istanbul	Turkey
02.07.2015	1080	Регулярні міжнародні	МАУ	AUI	PS	Республіка Польща	Вінниця	Варшава	0	3	02.07.2015			Протокол засідання комісії ДАСУ №2 від 01.07.2015	03.07.2015		Vinnytsia	Warsaw	Poland
04.11.2016	1091	Регулярні міжнародні	Дніпроавіа	UDN	Z6	Республіка Болгарія	Київ	Софія	0	14	02.07.2015	30.06.2025		Протокол засідання комісії ДАС № 18 від 28.10.2016	04.11.2016		Kiev	Sofia	Bulgaria
12.04.2017	1078	Регулярні міжнародні	АТЛАСДЖЕТ УКРАЇНА	UJX	UH	Республіка Туреччина	Львів	Стамбул	0	7	02.07.2015	01.11.2025		Протокол засідання комісії ДАС № 23 від 28.03.2017	13.04.2017		Lviv	Istanbul	Turkey
12.04.2017	1079	Регулярні міжнародні	АТЛАСДЖЕТ УКРАЇНА	UJX	UH	Республіка Туреччина	Харків	Стамбул	0	14	02.07.2015	01.11.2025		Протокол засідання комісії ДАС № 23 від 28.03.2017	13.04.2017		Kharkiv	Istanbul	Turkey
02.07.2015	1087	Регулярні міжнародні	Дніпроавіа	UDN	Z6	Грузія	Одеса	Батумі	0	7	02.07.2015	30.06.2025		Протокол засідання комісії ДАСУ №2 від 01.07.2015	03.07.2015		Odessa	Batumi	Georgia
02.07.2015	1090	Регулярні міжнародні	Дніпроавіа	UDN	Z6	Російська Федерація	Херсон	Москва	0	7	02.07.2015	30.06.2025		Протокол засідання комісії ДАСУ №2 від 01.07.2015	03.07.2015		Kherson	Moscow	Russia
02.07.2015	1081	Регулярні міжнародні	МАУ	AUI	PS	Республіка Туреччина	Вінниця	Стамбул	0	3	02.07.2015			Протокол засідання комісії ДАСУ №2 від 01.07.2015	03.07.2015		Vinnytsia	Istanbul	Turkey
02.07.2015	1067	Регулярні міжнародні	АТЛАСДЖЕТ УКРАЇНА	UJX	UH	Російська Федерація	Київ	Москва	0	14	02.07.2015	01.11.2025		Протокол засідання комісії ДАСУ №2 від 01.07.2015	03.07.2015		Kiev	Moscow	Russia
02.07.2015	1088	Регулярні міжнародні	Дніпроавіа	UDN	Z6	Румунія	Київ	Бухарест	0	7	02.07.2015	30.06.2025		Протокол засідання комісії ДАСУ №2 від 01.07.2015	03.07.2015		Kiev	Bucharest	Romania
10.06.2015	1021	Регулярні міжнародні	АТЛАСДЖЕТ УКРАЇНА	UJX	UH	Королівство Іспанія	Львів	Мадрид	0	7	10.06.2015	01.11.2025		Протокол засідання комісії ДАСУ №1 від 10.06.2015	10.06.2015		Lviv	Madrid	Spain
10.06.2015	1031	Регулярні міжнародні	МАУ	AUI	PS	Республіка Польща	Вінниця	Гданськ	0	4	10.06.2015			Протокол засідання комісії ДАСУ №1 від 10.06.2015	10.06.2015		Vinnytsia	Gdansk	Poland
22.03.2016	1026	Регулярні міжнародні	МАУ	AUI	PS	Грузія	Київ	Кутаїсі	0	7	10.06.2015			Протокол засідання комісії ДАС № 10 від 22.03.2016	22.03.2016		Kiev	Kutaisi	Georgia
10.06.2015	1032	Регулярні міжнародні	МАУ	AUI	PS	Федеративна Республіка Німеччина	Вінниця	Берлін	0	3	10.06.2015			Протокол засідання комісії ДАСУ №1 від 10.06.2015	10.06.2015		Vinnytsia	Berlin	Germany
10.06.2015	1028	Регулярні міжнародні	МАУ	AUI	PS	Російська Федерація	Одеса	Санкт-Петербург	0	7	10.06.2015			Протокол засідання комісії ДАСУ №1 від 10.06.2015	10.06.2015		Odessa	St. Petersburg	Russia
10.06.2015	1027	Регулярні міжнародні	МАУ	AUI	PS	Литовська Республіка	Одеса	Вільнюс	0	2	10.06.2015			Протокол засідання комісії ДАСУ №1 від 10.06.2015	10.06.2015		Odessa	Vilnius	Lithuania
10.06.2015	1033	Регулярні міжнародні	МАУ	AUI	PS	Республіка Польща	Харків	Варшава	0	2	10.06.2015			Протокол засідання комісії ДАСУ №1 від 10.06.2015	10.06.2015		Kharkiv	Warsaw	Poland
10.06.2015	1022	Регулярні міжнародні	АТЛАСДЖЕТ УКРАЇНА	UJX	UH	Російська Федерація	Одеса	Москва	0	7	10.06.2015	01.11.2025		Протокол засідання комісії ДАСУ №1 від 10.06.2015	10.06.2015		Odessa	Moscow	Russia
06.05.2016	1030	Регулярні міжнародні	МАУ	AUI	PS	Королівство Іспанія	Львів	Мадрид	0	2	10.06.2015			Протокол засідання комісії ДАС № 12 від 28.04.2016	10.05.2016		Lviv	Madrid	Spain
10.06.2015	1029	Регулярні міжнародні	МАУ	AUI	PS	Російська Федерація	Одеса	Москва	0	7	10.06.2015			Протокол засідання комісії ДАСУ №1 від 10.06.2015	10.06.2015		Odessa	Moscow	Russia
10.06.2015	1020	Регулярні міжнародні	АТЛАСДЖЕТ УКРАЇНА	UJX	UH	Російська Федерація	Львів	Москва	0	7	10.06.2015	01.11.2025		Протокол засідання комісії ДАСУ №1 від 10.06.2015	10.06.2015		Lviv	Moscow	Russia
12.04.2017	1024	Регулярні міжнародні	АТЛАСДЖЕТ УКРАЇНА	UJX	UH	Республіка Туреччина	Запоріжжя	Стамбул	0	10	10.06.2015	01.11.2025		Протокол засідання комісії ДАС № 23 від 28.03.2017	13.04.2017		Zaporizhia	Istanbul	Turkey
15.05.2014	974	Регулярні міжнародні	Українсько-середземноморські авіалінії	UKM	UF	Республіка Ірак	Київ	Багдад	0	2	15.05.2014			Протокол засідання комісії МІУ № 14 від 15.05.2014	12.06.2014		Kiev	Baghdad	Iraq
15.05.2014	1011	Регулярні міжнародні	Дніпроавіа	UDN	Z6	Республіка Болгарія	Дніпро	Бургас	0	7	15.05.2014			Протокол засідання комісії МІУ № 14 від 15.05.2014	12.06.2014		Dnipro	Burgas	Bulgaria
15.05.2014	1003	Регулярні міжнародні	Дніпроавіа	UDN	Z6	Російська Федерація	Харків	Москва	0	7	15.05.2014			Протокол засідання комісії МІУ № 14 від 15.05.2014	12.06.2014		Kharkiv	Moscow	Russia
15.05.2014	1004	Регулярні міжнародні	Дніпроавіа	UDN	Z6	Республіка Австрія	Івано-Франківськ	Відень	0	7	15.05.2014			Протокол засідання комісії МІУ № 14 від 15.05.2014	12.06.2014		Ivano-Frankivsk	Vienna	Austria
20.03.2014	944	Регулярні міжнародні	МАУ	AUI	PS	Республіка Кіпр	Харків	Ларнака	0	2	20.03.2014			Протокол засідання комісії МІУ № 13 від 20.03.2014	23.04.2014		Kharkiv	Larnaca	Cyprus
20.03.2014	951	Регулярні міжнародні	Браво	BAY		Хашимітське Королівство Йорданія	Київ	Амман	0	2	20.03.2014			Протокол засідання комісії МІУ № 13 від 20.03.2014	23.04.2014		Kiev	Amman	Jordan
20.03.2014	952	Регулярні міжнародні	Браво	BAY		Республіка Ірак	Київ	Багдад	0	2	20.03.2014			Протокол засідання комісії МІУ № 13 від 20.03.2014	23.04.2014		Kiev	Baghdad	Iraq
31.01.2014	701	Регулярні міжнародні	РОЗА ВІТРІВ	WRC	7W	Республіка Кіпр	Дніпро	Ларнака	0	2	31.01.2014			Протокол засідання комісії МІУ № 11 від 31.01.2014	20.02.2014		Dnipro	Larnaca	Cyprus
30.10.2015	711	Регулярні міжнародні	МАУ	AUI	PS	Ісламська Республіка Іран	Київ	Тегеран	0	7	31.01.2014	31.01.2024		Протокол засідання комісії ДАС №6 від 30.10.2015	30.10.2015		Kiev	Tehran	Iran
15.05.2014	702	Регулярні міжнародні	МАУ	AUI	PS	Грузія	Київ	Батумі	0	14	31.01.2014			Протокол засідання комісії МІУ № 14 від 15.05.2014	12.06.2014		Kiev	Batumi	Georgia
31.01.2014	708	Регулярні міжнародні	МАУ	AUI	PS	Азербайджанська Республіка	Одеса	Баку	0	4	31.01.2014	31.01.2024		Протокол засідання комісії МІУ № 11 від 31.01.2014	20.02.2014		Odessa	Baku	Azerbaijan
31.01.2014	720	Регулярні міжнародні	МАУ	AUI	PS	Італійська Республіка	Львів	Рим	0	4	31.01.2014			Протокол засідання комісії МІУ № 11 ВІД 31.01.2014	20.02.2014		Lviv	Rome	Italy
31.01.2014	716	Регулярні міжнародні	МАУ	AUI	PS	Французька Республіка	Київ	Ніцца	0	7	31.01.2014	31.01.2024		Протокол засідання комісії МІУ № 11 від 31.01.2014	20.02.2014		Kiev	Nice	France
29.07.2015	712	Регулярні міжнародні	МАУ	AUI	PS	Держава Ізраїль	Львів	Тель-Авів	0	4	31.01.2014	31.01.2024		Протокол засідання комісії ДАС № 2 від 01.07.2015	29.07.2015		Lviv	Tel-aviv	Israel
31.01.2014	715	Регулярні міжнародні	МАУ	AUI	PS	Азербайджанська Республіка	Львів	Баку	0	3	31.01.2014	31.01.2024		Протокол засідання комісії МІУ № 11 від 31.01.2014	20.02.2014		Lviv	Baku	Azerbaijan
31.01.2014	710	Регулярні міжнародні	МАУ	AUI	PS	Королівство Бельгія	Київ	Льєж	0	7	31.01.2014	31.01.2024		Протокол засідання комісії МІУ № 11 від 31.01.2014	20.02.2014		Kiev	Liege	Belgium
02.07.2015	713	Регулярні міжнародні	МАУ	AUI	PS	Держава Ізраїль	Харків	Тель-Авів	0	4	31.01.2014	31.01.2024		Протокол засідання комісії ДАСУ №2 від 01.07.2015	03.07.2015		Kharkiv	Tel-aviv	Israel
31.01.2014	717	Регулярні міжнародні	МАУ	AUI	PS	Республика Вірменія	Одеса	Єреван	0	4	31.01.2014			Протокол засідання комісії МІУ № 11 від 31.01.2014	20.02.2014		Odessa	Yerevan	Armenia
27.12.2013	672	Регулярні міжнародні	МАУ	AUI	PS	Королівство Іспанія	Київ	Пальма де Мальорка	0	5	27.12.2013			Протокол засідання комісії МІУ № 10 від 27.12.2013	27.01.2014		Kiev	Palma	Spain
27.12.2013	680	Регулярні міжнародні	МАУ	AUI	PS	Республіка Кіпр	Львів	Ларнака	0	2	27.12.2013			Протокол засідання комісії МІУ № 10 від 27.12.2013	27.01.2014		Lviv	Larnaca	Cyprus
27.12.2013	682	Регулярні міжнародні	МАУ	AUI	PS	Республіка Кіпр	Одеса	Ларнака	0	3	27.12.2013			Протокол засідання комісії МІУ №	27.01.2014		Odessa	Larnaca	Cyprus
27.12.2013	670	Регулярні міжнародні	МАУ	AUI	PS	Туніська Республіка	Київ	Енфіда	0	6	27.12.2013			Протокол засідання комісії МІУ № 10 від 27.12.2013	27.01.2014		Kiev	Enfidha	Tunisia
27.12.2013	673	Регулярні міжнародні	МАУ	AUI	PS	Грецька Республіка	Київ	Салоніки	0	2	27.12.2013			Протокол засідання комісії МІУ № 10 від 27.12.2013	27.01.2014		Kiev	Thessaloniki	Greece
22.11.2013	649	Регулярні міжнародні	МАУ	AUI	PS	Республіка Таджикистан	Київ	Душанбе	0	3	22.11.2013	22.11.2023		Протокол засідання комісії МІУ № 9 від 22.11.2013	09.12.2013		Kiev	Dushanbe	Tajikistan
22.11.2013	639	Регулярні міжнародні	МАУ	AUI	PS	Республіка Узбекистан	Київ	Ташкент	0	2	22.11.2013			Протокол засідання комісії МІУ № 9 від 22.11.2013	09.12.2013		Kiev	Tashkent	Uzbekistan
22.11.2013	646	Регулярні міжнародні	МАУ	AUI	PS	Республіка Болгарія	Київ	Софія	0	7	22.11.2013			Протокол засідання комісії МІУ № 9 від 22.11.2013	09.12.2013		Kiev	Sofia	Bulgaria
22.11.2013	643	Регулярні міжнародні	МАУ	AUI	PS	Туркменістан	Київ	Ашгабад	0	3	22.11.2013			Протокол засідання комісії МІУ № 9 від 22.11.2013	09.12.2013		Kiev	Ashgabat	Turkmenistan
30.10.2015	642	Регулярні міжнародні	МАУ	AUI	PS	Королівство Таїланд	Київ	Бангкок	0	7	22.11.2013			Протокол засідання комісії ДАС №6 від 30.10.2015	30.10.2015		Kiev	Bangkok	Thailand
22.11.2013	647	Регулярні міжнародні	МАУ	AUI	PS	Королівство Швеція	Київ	Стокгольм	0	14	22.11.2013			Протокол засідання комісії МІУ № 9 від 22.11.2013	09.12.2013		Kiev	Stockholm	Sweden
22.11.2013	635	Регулярні міжнародні	ЯнЕір ЛТД	ANR	YE	Держава Ізраїль	Київ	Тель-Авів	0	1	22.11.2013	22.11.2023		Протокол засідання комісії МІУ від 22.11.2013 № 9	09.12.2013		Kiev	Tel-aviv	Israel
22.11.2013	640	Регулярні міжнародні	МАУ	AUI	PS	США	Київ	Нью-Йорк	0	7	22.11.2013			Протокол засідання комісії МІУ № 9 від 22.11.2013	09.12.2013		Kiev	New York	United States
22.11.2013	650	Регулярні міжнародні	Дніпроавіа	UDN	Z6	Азербайджанська Республіка	Дніпро	Баку	0	7	22.11.2013	22.11.2023		Протокол засідання комісії МІУ № 9 від 22.11.2013	09.12.2013		Dnipro	Baku	Azerbaijan
06.05.2016	644	Регулярні міжнародні	МАУ	AUI	PS	Республіка Білорусь	Київ	Мінськ	0	21	22.11.2013			Протокол засідання комісії ДАС № 12 від 28.04.2016	10.05.2016		Kiev	Minsk	Belarus
22.11.2013	645	Регулярні міжнародні	МАУ	AUI	PS	Республіка Молдова	Київ	Кишинеу	0	7	22.11.2013			Протокол засідання комісії МІУ № 9 від 22.11.2013	09.12.2013		Kiev	Chisinau	Moldova
18.10.2013	626	Регулярні міжнародні	ЯнЕір ЛТД	ANR	YE	Держава Ізраїль	Вінниця	Тель-Авів	0	4	18.10.2013	18.10.2023		Протокол засідання комісії МІУ № 8 від 18.10.2013	31.10.2013		Vinnytsia	Tel-aviv	Israel
18.10.2013	625	Регулярні міжнародні	ЯнЕір ЛТД	ANR	YE	Грузія	Київ	Тбілісі	0	7	18.10.2013			Протокол засідання комісії МІУ № 8 від 18.10.2013	31.10.2013		Kiev	Tbilisi	Georgia
02.07.2015	563	Регулярні міжнародні	Мотор Січ	MSI	М9	Російська Федерація	Запоріжжя	Москва	0	7	04.10.2013			Протокол засідання комісії ДАСУ №2 від 01.07.2015	03.07.2015		Zaporizhia	Moscow	Russia
06.10.2015	556	Регулярні міжнародні	ЯнЕір ЛТД	ANR	YE	Російська Федерація	Київ	Москва	0	14	04.10.2013			Протокол засідання комісії ДАС №5 від 06.10.2015	06.10.2015		Kiev	Moscow	Russia
09.12.2015	493	Регулярні міжнародні	Азур Ейр Україна	UTN	QU	Російська Федерація	Львів	Москва	0	7	20.09.2013			Протокол засідання комісії ДАС №7 від 09.12.2015	11.12.2015		Lviv	Moscow	Russia
20.09.2013	598	Регулярні міжнародні	МАУ	AUI	PS	Держава Ізраїль	Дніпро	Тель-Авів	0	4	20.09.2013	20.09.2023		Протокол засідання комісії МІУ № 6 ві д20.09.2013	23.10.2013		Dnipro	Tel-aviv	Israel
20.09.2013	570	Регулярні міжнародні	МАУ	AUI	PS	Королівство Великої Британії та Північної Ірландії	Київ	Лондон	0	14	20.09.2013			Протокол засідання комісії МІУ № 6 від 20.09.2013	23.10.2013		Kiev	London	United Kingdom
20.09.2013	588	Регулярні міжнародні	МАУ	AUI	PS	Республіка Казахстан	Київ	Астана	0	7	20.09.2013			Протокол засідання комісії МІУ № 6 від 20.09.2013	23.10.2013		Kiev	Astana	Kazakhstan
20.09.2013	590	Регулярні міжнародні	МАУ	AUI	PS	Держава Ізраїль	Київ	Тель-Авів	0	23	20.09.2013	20.09.2023		Протокол засідання комісії МІУ № 6 від 20.09.2013	23.10.2013		Kiev	Tel-aviv	Israel
29.07.2015	601	Регулярні міжнародні	МАУ	AUI	PS	Республіка Польща	Київ	Варшава	0	14	20.09.2013			Протокол засідання комісії ДАС № 2 від 01.07.2015	29.07.2015		Kiev	Warsaw	Poland
20.09.2013	577	Регулярні міжнародні	МАУ	AUI	PS	Республіка Австрія	Одеса	Відень	0	7	20.09.2013			Протокол засідання комісії МІУ № 6 від 20.09.2013	23.10.2013		Odessa	Vienna	Austria
31.01.2014	605	Регулярні міжнародні	МАУ	AUI	PS	Республика Вірменія	Київ	Єреван	0	14	20.09.2013	20.09.2023		Протокол засідання комісії МІУ № 11 від 31.01.2014	20.02.2014		Kiev	Yerevan	Armenia
22.03.2016	574	Регулярні міжнародні	МАУ	AUI	PS	Королівство Бельгія	Київ	Брюссель	0	14	20.09.2013	20.09.2023		Протокол засідання комісії ДАС № 10 від 22.03.2016	22.03.2016		Kiev	Brussels	Belgium
20.09.2013	580	Регулярні міжнародні	МАУ	AUI	PS	Швейцарія	Київ	Цюрих	0	7	20.09.2013	20.09.2023		Протокол засідання комісії МІУ № 6 від 20.09.2013	23.10.2013		Kiev	Zurich	Switzerland
31.01.2014	582	Регулярні міжнародні	МАУ	AUI	PS	Португальська Республіка	Київ	Лісабон	0	4	20.09.2013	20.09.2023		Протокол засідання комісії МІУ № 11 від 31.01.2014	20.02.2014		Kiev	Lisbon	Portugal
05.10.2016	589	Регулярні міжнародні	МАУ	AUI	PS	Литовська Республіка	Київ	Вільнюс	0	21	20.09.2013			Протокол засідання комісії ДАС № 17 від 26.09.2016	05.10.2016		Kiev	Vilnius	Lithuania
20.09.2013	567	Регулярні міжнародні	МАУ	AUI	PS	Федеративна Республіка Німеччина	Київ	Франкфурт	0	7	20.09.2013	20.09.2023		Протокол засідання комісії МІУ № 6 від 20.09.2013	23.10.2013		Kiev	Frankfurt	Germany
20.09.2013	610	Регулярні міжнародні	МАУ	AUI	PS	Китайська Народна Республіка	Київ	Пекін	0	7	20.09.2013	20.09.2023		Протокол засідання комісії МІУ № 6 від 20.09.2013	23.10.2013		Kiev	Beijing	China
31.01.2014	594	Регулярні міжнародні	МАУ	AUI	PS	Республіка Туреччина	Київ	Стамбул	0	16	20.09.2013			Протокол засідання комісії МІУ № 11 від 31.01.2014	20.02.2014		Kiev	Istanbul	Turkey
20.09.2013	421	Регулярні міжнародні	РОЗА ВІТРІВ	WRC	7W	Республіка Хорватія	Київ	Пула	0	3	20.09.2013	20.09.2023		Протокол засідання комісії МІУ № 6 від 20.09.2013	23.10.2013		Kiev	Pula	Croatia
31.01.2014	611	Регулярні міжнародні	МАУ	AUI	PS	Російська Федерація	Київ	Санкт-Петербург	0	14	20.09.2013			Протокол засідання комісії МІУ № 11 від 31.01.2014	20.02.2014		Kiev	St. Petersburg	Russia
20.09.2013	447	Регулярні міжнародні	Українсько-середземноморські авіалінії	UKM	UF	Хашимітське Королівство Йорданія	Київ	Амман	0	2	20.09.2013			Протокол засідання комісії МІУ № 6 від 20.09.2013	25.10.2013		Kiev	Amman	Jordan
27.12.2013	568	Регулярні міжнародні	МАУ	AUI	PS	Федеративна Республіка Німеччина	Київ	Берлін	0	14	20.09.2013	20.09.2023		Протокол засідання комісії МІУ № 10 від 27.12.2013	27.01.2014		Kiev	Berlin	Germany
20.09.2013	602	Регулярні міжнародні	МАУ	AUI	PS	Російська Федерація	Київ	Калінінград	0	7	20.09.2013			Протокол засідання комісії МІУ № 6 від 20.09.2013	23.10.2013		Kiev	Kaliningrad	Russia
01.08.2016	581	Регулярні міжнародні	МАУ	AUI	PS	Італійська Республіка	Київ	Мілан	0	14	20.09.2013			Протокол засідання комісії ДАС № 15 від 26.07.2016	01.08.2016		Kiev	Milano	Italy
31.01.2014	569	Регулярні міжнародні	МАУ	AUI	PS	Французька Республіка	Київ	Париж	0	14	20.09.2013	20.09.2023		Протокол засідання комісії МІУ № 11 від 31.01.2014	20.02.2014		Kiev	Paris	France
09.12.2015	446	Регулярні міжнародні	Дніпроавіа	UDN	Z6	Грузія	Дніпро	Батумі	0	7	20.09.2013			Протокол засідання комісії ДАС №7 від 09.12.2015	11.12.2015		Dnipro	Batumi	Georgia
27.12.2013	597	Регулярні міжнародні	МАУ	AUI	PS	Держава Ізраїль	Одеса	Тель-Авів	0	7	20.09.2013	20.09.2023		Протокол засідання комісії МІУ № 10 від 27.12.2013	27.01.2014		Odessa	Tel-aviv	Israel
22.03.2016	572	Регулярні міжнародні	МАУ	AUI	PS	Республіка Австрія	Київ	Відень	0	14	20.09.2013			Протокол засідання комісії ДАС № 10 від 22.03.2016	22.03.2016		Kiev	Vienna	Austria
05.04.2016	575	Регулярні міжнародні	МАУ	AUI	PS	Королівство Іспанія	Київ	Барселона	0	9	20.09.2013			Протокол засідання комісії ДАС № 11 від 05.04.2016	06.04.2016		Kiev	Barcelona	Spain
31.01.2014	599	Регулярні міжнародні	МАУ	AUI	PS	Республіка Кіпр	Київ	Ларнака	0	11	20.09.2013			Протокол засідання комісії МІУ № 11 від 31.01.2014	20.02.2014		Kiev	Larnaca	Cyprus
20.09.2013	431	Регулярні міжнародні	Дніпроавіа	UDN	Z6	Республіка Туреччина	Дніпро	Стамбул	0	7	20.09.2013			Протокол засідання комісії МІУ № 6 від 20.09.2013	24.10.2013		Dnipro	Istanbul	Turkey
12.12.2016	571	Регулярні міжнародні	МАУ	AUI	PS	Королівство Нідерланди	Київ	Амстердам	0	14	20.09.2013	20.09.2023		Протокол засідання комісії ДАС № 19 від 30.11.2016	12.12.2016		Kiev	Amsterdam	Netherlands
20.09.2013	608	Регулярні міжнародні	Українсько-середземноморські авіалінії	UKM	UF	Ліванська Республіка	Київ	Бейрут	0	2	20.09.2013	20.09.2023		Протокол засідання комісії МІУ № 6 від 20.09.2013	25.10.2013		Kiev	Beirut	Lebanon
20.09.2013	592	Регулярні міжнародні	МАУ	AUI	PS	Російська Федерація	Київ	Новосибірськ	0	7	20.09.2013			Протокол засідання комісії МІУ № 6 від 20.09.2013	23.10.2013		Kiev	Novosibirsk	Russia
20.09.2013	587	Регулярні міжнародні	МАУ	AUI	PS	Республіка Казахстан	Київ	Алмати	0	7	20.09.2013			Протокол засідання комісії МІУ № 6 від 20.09.2013	23.10.2013		Kiev	Almaty	Kazakhstan
20.09.2013	420	Регулярні міжнародні	РОЗА ВІТРІВ	WRC	7W	Республіка Хорватія	Київ	Спліт	0	3	20.09.2013	20.09.2023		Протокол засідання комісії МІУ № 6 від 20.09.2013	23.10.2013		Kiev	Split	Croatia
20.09.2013	583	Регулярні міжнародні	МАУ	AUI	PS	Федеративна Республіка Німеччина	Київ	Мюнхен	0	7	20.09.2013	20.09.2023		Протокол засідання комісії МІУ № 6 від 20.09.2013	23.10.2013		Kiev	Munich	Germany
20.09.2013	440	Регулярні міжнародні	Дніпроавіа	UDN	Z6	Грузія	Дніпро	Тбілісі	0	7	20.09.2013			Протокол засідання комісії МІУ № 6 від 20.09.2013	24.10.2013		Dnipro	Tbilisi	Georgia
09.12.2015	609	Регулярні міжнародні	Українсько-середземноморські авіалінії	UKM	UF	Ісламська Республіка Іран	Київ	Тегеран	0	4	20.09.2013	20.09.2023		Протокол засідання комісії ДАС №7 від 09.12.2015	11.12.2015		Kiev	Tehran	Iran
28.08.2015	607	Регулярні міжнародні	МАУ	AUI	PS	Чеська Республіка	Київ	Прага	0	17	20.09.2013			Протокол засідання комісії ДАС №4 від 28.08.2015	28.08.2015		Kiev	Prague	Czech Republic
20.09.2013	593	Регулярні міжнародні	МАУ	AUI	PS	Російська Федерація	Київ	Москва	0	49	20.09.2013			Протокол засідання комісії МІУ № 6 від 20.09.2013	23.10.2013		Kiev	Moscow	Russia
22.11.2013	585	Регулярні міжнародні	МАУ	AUI	PS	Об'єднані Арабські Емірати	Київ	Дубай	0	14	20.09.2013			Протокол засідання комісії МІУ № 9 від 22.11.2013	09.12.2013		Kiev	Dubai	United Arab Emirates
22.11.2013	604	Регулярні міжнародні	МАУ	AUI	PS	Російська Федерація	Київ	Сочі	0	7	20.09.2013			Протокол засідання комісії МІУ № 9 від 22.11.2013	09.12.2013		Kiev	Sochi	Russia
20.09.2013	578	Регулярні міжнародні	МАУ	AUI	PS	Королівство Іспанія	Київ	Мадрид	0	7	20.09.2013			Протокол засідання комісії МІУ № 6 від 20.09.2013	23.10.2013		Kiev	Madrid	Spain
22.11.2013	432	Регулярні міжнародні	Дніпроавіа	UDN	Z6	Російська Федерація	Івано-Франківськ	Москва	0	14	20.09.2013			Протокол засідання комісії МІУ № 9 від 22.11.2013	09.12.2013		Ivano-Frankivsk	Moscow	Russia
01.08.2016	573	Регулярні міжнародні	МАУ	AUI	PS	Італійська Республіка	Київ	Рим	0	14	20.09.2013			Протокол засідання комісії ДАС № 15 від 26.07.2016	01.08.2016		Kiev	Rome	Italy
20.09.2013	584	Регулярні міжнародні	МАУ	AUI	PS	Швейцарія	Київ	Женева	0	7	20.09.2013	20.09.2023		Протокол засідання комісії МІУ № 6 від 20.09.2013	23.10.2013		Kiev	Geneva	Switzerland
22.03.2016	579	Регулярні міжнародні	МАУ	AUI	PS	Фінляндська Республіка	Київ	Гельсінкі	0	14	20.09.2013	20.09.2023		Протокол засідання комісії ДАС № 10 від 22.03.2016	22.03.2016		Kiev	Helsinki	Finland
20.09.2013	586	Регулярні міжнародні	МАУ	AUI	PS	Грузія	Київ	Тбілісі	0	14	20.09.2013			Протокол засідання комісії МІУ № 6 від 20.09.2013	23.10.2013		Kiev	Tbilisi	Georgia
31.01.2014	606	Регулярні міжнародні	МАУ	AUI	PS	Азербайджанська Республіка	Київ	Баку	0	7	20.09.2013	20.09.2023		Протокол засідання комісії МІУ № 11 від 31.01.2014	20.02.2014		Kiev	Baku	Azerbaijan
28.08.2015	430	Регулярні міжнародні	Дніпроавіа	UDN	Z6	Російська Федерація	Дніпро	Москва	0	21	20.09.2013			Протокол засідання комісії ДАС №4 від 28.08.2015	28.08.2015		Dnipro	Moscow	Russia
09.12.2015	470	Регулярні міжнародні	Азур Ейр Україна	UTN	QU	Королівство Іспанія	Київ	Барселона	0	7	20.09.2013			Протокол засідання комісії ДАС №7 від 09.12.2015	11.12.2015		Kiev	Barcelona	Spain
02.07.2015	595	Регулярні міжнародні	МАУ	AUI	PS	Республіка Туреччина	Одеса	Стамбул	0	14	20.09.2013			Протокол засідання комісії ДАСУ №2 від 01.07.2015	03.07.2015		Odessa	Istanbul	Turkey
31.01.2014	600	Регулярні міжнародні	МАУ	AUI	PS	Грецька Республіка	Київ	Афіни	0	10	20.09.2013			Протокол засідання комісії МІУ № 11 від 31.01.2014	20.02.2014		Kiev	Athens	Greece
09.12.2015	451	Регулярні міжнародні	Азур Ейр Україна	UTN	QU	Російська Федерація	Київ	Москва	0	21	20.09.2013			Протокол засідання комісії ДАС №7 від 09.12.2015	11.12.2015		Kiev	Moscow	Russia
15.05.2014	134	Регулярні міжнародні	МАУ	AUI	PS	Республіка Австрія	Київ	Зальцбург	0	3	26.07.2013			Протокол засідання комісії МІУ № 14 від 15.05.2014	12.06.2014		Kiev	Salzburg	Austria
15.05.2014	41	Регулярні міжнародні	МАУ	AUI	PS	Латвійська Республіка	Київ	Рига	7	14	01.06.2013			Протокол засідання комісії МІУ № 14 від 15.05.2014	12.06.2014		Kiev	Riga	Latvia
15.08.2013	51	Регулярні міжнародні	РОЗА ВІТРІВ	WRC	7W	Республіка Болгарія	Київ	Софія	1	3	01.06.2013			Протокол засідання комісії МІУ № 5 від 15.08.2013	02.09.2013		Kiev	Sofia	Bulgaria
22.11.2013	27	Регулярні міжнародні	Дніпроавіа	UDN	Z6	Держава Ізраїль	Дніпро	Тель-Авів	0	3	01.06.2013	31.05.2023		Протокол засідання комісії МІУ № 9 від 22.11.2013	09.12.2013		Dnipro	Tel-aviv	Israel
01.08.2016	38	Регулярні міжнародні	МАУ	AUI	PS	Італійська Республіка	Київ	Венеція	0	7	01.06.2013			Протокол засідання комісії ДАС № 15 від 26.07.2016	01.08.2016		Kiev	Venice	Italy
27.12.2013	32	Регулярні міжнародні	МАУ	AUI	PS	Республіка Болгарія	Київ	Бургас	0	4	01.06.2013			Протокол засідання комісії МІУ № 10 від 27.12.2013	27.01.2014		Kiev	Burgas	Bulgaria
15.08.2013	52	Регулярні міжнародні	РОЗА ВІТРІВ	WRC	7W	Королівство Іспанія	Київ	Барселона	1	3	01.06.2013			Протокол засідання комісії МІУ № 5 від 15.08.2013	02.09.2013		Kiev	Barcelona	Spain
22.11.2013	23	Регулярні міжнародні	Дніпроавіа	UDN	Z6	Російська Федерація	Київ	Москва	0	7	01.06.2013			Протокол засідання комісії МІУ № 9 від 22.11.2013	09.12.2013		Kiev	Moscow	Russia
15.05.2014	40	Регулярні міжнародні	МАУ	AUI	PS	Королівство Іспанія	Київ	Тенеріфе	0	3	01.06.2013			Протокол засідання комісії МІУ № 14 від 15.05.2014	12.06.2014		Kiev	Tenerife	Spain
